{
    "relationshipTypes": {
        "Child": {
            "@type": "RelationshipType",
            "name": "Child",
            "pluralName": "Children",
            "description": "A group is child of a parent group.",
            "roleTypes": [
                {
                    "@type": "RoleType",
                    "id": "roleTypes/child",
                    "name": "child",
                    "pluralName": "childs",
                    "relationshipType": "relationshipTypes/Child",
                    "labels": "A child of {relation}"
                },
                {
                    "@type": "RoleType",
                    "id": "roleTypes/parent",
                    "name": "parent",
                    "pluralName": "parents",
                    "relationshipType": "relationshipTypes/Child",
                    "label": "a parent of {relation}"
                }
            ],
            "links": [
                {
                    "@type": "LinkType",
                    "id": "linkTypes/child-of",
                    "relationshipType": "relationshipTypes/Child",
                    "source": "roleTypes/child",
                    "target": "roleTypes/parent",
                    "labels": "{source} is a child of {target}"
                },
                {
                    "@type": "LinkType",
                    "id": "linkTypes/parent-of",
                    "relationshipType": "relationshipTypes/Child",
                    "source": "roleTypes/parent",
                    "target": "roleTypes/child",
                    "labels": "{source} is a parent of {target}",
                    "queryLabels": "Groups that incorporate {target},Groups incorporated by {source}"
                }
            ]
        },
        "Customer": {
            "@type": "RelationshipType",
            "name": "Customer",
            "pluralName": "Customers",
            "description": "A customer of a seller for a network.",
            "roleTypes": [
                {
                    "@type": "RoleType",
                    "id": "roleTypes/customer",
                    "name": "customer",
                    "pluralName": "customers",
                    "relationshipType": "relationshipTypes/Customer",
                    "linkType": "linkTypes/customer",
                    "label": "a customer of {relation}"
                },
                {
                    "@type": "RoleType",
                    "id": "roleTypes/vendor",
                    "name": "vendor",
                    "pluralName": "vendors",
                    "relationshipType": "relationshipTypes/Customer",
                    "linkType": "linkTypes/vendor",
                    "label": "a vendor to {relation}"
                }
            ],
            "links": [
                {
                    "@type": "LinkType",
                    "id": "linkTypes/purchases-from",
                    "relationshipType": "relationshipTypes/Customer",
                    "source": "roleTypes/customer",
                    "target": "roleTypes/vendor",
                    "labels": "{source} purchases from {target}",
                    "queryLabels": "{agentType} that purchase from {target}, {agentType} that buy from {target}"
                },
                {
                    "@type": "LinkType",
                    "id": "linkTypes/supply",
                    "relationshipType": "relationshipTypes/Customer",
                    "source": "roleTypes/vendor",
                    "target": "roleTypes/customer",
                    "label": "{source} supplies {target}",
                    "queryLabels": "{agentType} that supply {target}, {agentType} who supply {target}, {agentType} supplied by {source}, {agentTypes} that supply in {context}"
                }
            ]
        },
        "Harvester": {
            "@type": "RelationshipType",
            "name": "Harvester",
            "pluralName": "Harvesters",
            "description": "A harvester harvests herbs for a network.",
            "roleTypes": [
                {
                    "@type": "RoleType",
                    "id": "roleTypes/harvester",
                    "name": "harvester",
                    "pluralName": "harvesters",
                    "relationshipType": "relationshipTypes/Harvester",
                    "label": "a harvester of herbs for {relation}"
                },
                {
                    "@type": "RoleType",
                    "id": "roleTypes/harvested",
                    "name": "harvested",
                    "pluralName": "harvesteds",
                    "relationshipType": "relationshipTypes/Harvester",
                    "labels": "herbs harvested by {relation}"
                }
            ],
            "links": [
                {
                    "@type": "LinkType",
                    "id": "linkTypes/harvester-for",
                    "relationshipType": "relationshipTypes/Harvester",
                    "source": "roleTypes/harvester",
                    "target": "roleTypes/harvested",
                    "labels": "{source} harvests {target}",
                    "queryLabels": "People who harvest for {target}"
                },
            ]
        },
        "Trainer": {
            "@type": "RelationshipType",
            "name": "Trainer",
            "pluralName": "Trainers",
            "description": "",
            "roleTypes": [
                {
                    "@type": "RoleType",
                    "id": "roleTypes/trainer",
                    "name": "trainer",
                    "pluralName": "trainers",
                    "relationshipType": "relationshipTypes/Trainer",
                    "labels": "a trainer of {relation}"
                },
                {
                    "@type": "RoleType",
                    "id": "roleTypes/trainee",
                    "name": "trainee",
                    "pluralName": "trainees",
                    "relationshipType": "relationshipTypes/Trainer",
                    "labels": " a trainee of {relation}"
                }
            ],
            "links": [
                {
                    "@type": "LinkType",
                    "id": "linkTypes/trains",
                    "relationshipType": "relationshipTypes/Trainer",
                    "source": "roleTypes/trainer",
                    "target": "roleTypes/trainee",
                    "labels": "{source} trains {target}",
                    "queryLabels": "People who train {target}, People trained by {source}, People whom {source} trains, People who train others for {context}"
                }
            ]
        },
        /* Question: Sites may be the context for relationships?*/

        "Harvesting Site": {
            "@type": "RelationshipType",
            "name": "Harvesting Site",
            "pluralName": "Harvesting Sites",
            "description": "A harvest site grows herbs for a network.",
            "roleTypes": [
                {
                    "@type": "RoleType",
                    "id": "roleTypes/grower",
                    "name": "grower",
                    "pluralName": "growers",
                    "relationshipType": "relationshipTypes/Harvesting Site",
                    "labels": "a grower for {context}"
                },
                {
                    "@type": "RoleType",
                    "id": "roleTypes/harvester",
                    "name": "harvester",
                    "pluralName": "harvesters",
                    "relationshipType": "relationshipTypes/Harvesting Site",
                    "label": "a harvesting site for {relation}"
                }
            ],
            "links": [
                {
                    "@type": "LinkType",
                    "id": "linkTypes/grows",
                    "relationshipType": "relationshipTypes/Harvesting Site",
                    "source": "roleTypes/grower",
                    "target": "roleTypes/harvester",
                    "labels": "{source} grows {target}",
                    "queryLabels": "People who grow {target}"
                }
            ]
        },
        "Storage Site": {
            "@type": "RelationshipType",
            "name": "Storage Site",
            "pluralName": "Storage Sites",
            "description": "A storage site stores herbs for a network.",
            "roleTypes": [
                {
                    "@type": "RoleType",
                    "id": "roleTypes/stores",
                    "name": "stores",
                    "pluralName": "storess",
                    "relationshipType": "relationshipTypes/Storage Site",
                    "label": "role 1 label"
                },
                {
                    "@type": "RoleType",
                    "id": "roleTypes/storer",
                    "name": "storer",
                    "pluralName": "storers",
                    "relationshipType": "relationshipTypes/Storage Site",
                    "linkType": "linkTypes/storer-at",
                    "label": "role 2 label"
                }
            ],
            "links": [
                {
                    "@type": "LinkType",
                    "id": "linkTypes/stores-for",
                    "relationshipType": "relationshipTypes/Storage Site",
                    "source": "roleTypes/stores",
                    "target": "roleTypes/storer",
                    "label": "link 1 label"
                },
                {
                    "@type": "LinkType",
                    "id": "linkTypes/storer-at",
                    "relationshipType": "relationshipTypes/Storage Site",
                    "source": "roleTypes/storer",
                    "target": "roleTypes/stores",
                    "label": "link 2 label"
                }
            ]
        },
        "Drying Site": {
            "@type": "RelationshipType",
            "name": "Drying Site",
            "pluralName": "Drying Sites",
            "description": "A drying site dries herbs for a network.",
            "roleTypes": [
                {
                    "@type": "RoleType",
                    "id": "roleTypes/dryer",
                    "name": "dryer",
                    "pluralName": "dryers",
                    "relationshipType": "relationshipTypes/Drying Site",
                    "linkType": "linkTypes/dryer-for",
                    "label": "role 1 label"
                },
                {
                    "@type": "RoleType",
                    "id": "roleTypes/dries",
                    "name": "dries",
                    "pluralName": "driess",
                    "relationshipType": "relationshipTypes/Drying Site",
                    "linkType": "linkTypes/dries-at",
                    "label": "role 2 label"
                }
            ],
            "links": [
                {
                    "@type": "LinkType",
                    "id": "linkTypes/dryer-for",
                    "relationshipType": "relationshipTypes/Drying Site",
                    "source": "roleTypes/dryer",
                    "target": "roleTypes/dries",
                    "label": "link 1 label"
                },
                {
                    "@type": "LinkType",
                    "id": "linkTypes/dries-at",
                    "relationshipType": "relationshipTypes/Drying Site",
                    "source": "roleTypes/dries",
                    "target": "roleTypes/dryer",
                    "label": "link 2 label"
                }
            ]
        },
        "Supplier": {
            "@type": "RelationshipType",
            "name": "Supplier",
            "pluralName": "Suppliers",
            "description": "A supplier for a network.",
            "roleTypes": [
                {
                    "@type": "RoleType",
                    "id": "roleTypes/supplier",
                    "name": "supplier",
                    "pluralName": "suppliers",
                    "relationshipType": "relationshipTypes/Supplier",
                    "label": "a supplier to {relation}"
                },
                {
                    "@type": "RoleType",
                    "id": "roleTypes/supplied",
                    "name": "supplied",
                    "pluralName": "supplieds",
                    "relationshipType": "relationshipTypes/Supplier",
                    "labels": "a customer of {relation}"
                }
            ],
            "links": [
                {
                    "@type": "LinkType",
                    "id": "linkTypes/supply",
                    "relationshipType": "relationshipTypes/Supplier",
                    "source": "roleTypes/supplier",
                    "target": "roleTypes/supplied",
                    "labels": "{source} supplies {target}",
                    "queryLabels": "{agentType} who supply {target}, {agentType} that supply {target}, {agentType} that are supplied by {source} "
                }
            ]
        },
        "Advisor": {
            "@type": "RelationshipType",
            "name": "Advisor",
            "pluralName": "Advisors",
            "description": "A person advises a network.",
            "roleTypes": [
                {
                    "@type": "RoleType",
                    "id": "roleTypes/advisor",
                    "name": "advisor",
                    "pluralName": "advisors",
                    "relationshipType": "relationshipTypes/Advisor",
                    "labels": "an advisor of {relation}"
                },
                {
                    "@type": "RoleType",
                    "id": "roleTypes/advisee",
                    "name": "advisee",
                    "pluralName": "advisees",
                    "relationshipType": "relationshipTypes/Advisor",
                    "labels": "an advisee of {relation}"
                }
            ],
            "links": [
                {
                    "@type": "LinkType",
                    "id": "linkTypes/advises",
                    "relationshipType": "relationshipTypes/Advisor",
                    "source": "roleTypes/advisor",
                    "target": "roleTypes/advisee",
                    "labels": "{source} advises {target}",
                    "queryLabels": "{agentType} who advise {target}, {agentType} who are advised by {source}"
                }
            ]
        },
        "Admininstration": {
            "@type": "RelationshipType",
            "name": "Admin",
            "pluralName": "Admins",
            "description": "A person administers a network.",
            "roleTypes": [
                {
                    "@type": "RoleType",
                    "id": "roleTypes/administrator",
                    "name": "administrator",
                    "pluralName": "administrators",
                    "relationshipType": "relationshipTypes/Administration",
                    "labels": "an adminstrator for {context}"
                },
                {
                    "@type": "RoleType",
                    "id": "roleTypes/administered",
                    "name": "administered",
                    "pluralName": "administereds",
                    "relationshipType": "relationshipTypes/Administration",
                    "label": "an administered group"
                }
            ],
            "links": [
                {
                    "@type": "LinkType",
                    "id": "linkTypes/administers",
                    "relationshipType": "relationshipTypes/Admin",
                    "source": "roleTypes/administers",
                    "target": "roleTypes/administered",
                    "labels": "{source} administers {target}",
                    "queryLabels": "People who administer {target}, Organisations administered by {source}, People who adminster in {context}"
                }
            ]
        },
        "Ownership": {
            "@type": "RelationshipType",
            "name": "Owner",
            "pluralName": "Owners",
            "description": "",
            "roleTypes": [
                {
                    "@type": "RoleType",
                    "id": "roleTypes/owner",
                    "name": "owner",
                    "pluralName": "owners",
                    "relationshipType": "relationshipTypes/Owner",
                    "labels": "an owner of {property}"
                },
                {
                    "@type": "RoleType",
                    "id": "roleTypes/property",
                    "name": "property",
                    "pluralName": "property",
                    "relationshipType": "relationshipTypes/Owner",
                    "labels": "property of {relation}"
                }
            ],
            "links": [
                {
                    "@type": "LinkType",
                    "id": "linkTypes/owns",
                    "relationshipType": "relationshipTypes/Ownership",
                    "source": "roleTypes/owner",
                    "target": "roleTypes/property",
                    "labels": "{source} owns {target}",
                    "queryLabels": "People who own {target}, Property owned by {source}"
                }
            ]
        },
        "Responsibility": {
            "@type": "RelationshipType",
            "name": "Responsibility",
            "pluralName": "Responsibilities",
            "description": "A person is responsible for a grower.",
            "roleTypes": [
                {
                    "@type": "RoleType",
                    "id": "roleTypes/responsible",
                    "name": "responsible",
                    "pluralName": "responsibles",
                    "relationshipType": "relationshipTypes/Responsibility",
                    "labels": ""
                },
                {
                    "@type": "RoleType",
                    "id": "roleTypes/responsibility",
                    "name": "responsibility",
                    "pluralName": "responsibilitys",
                    "relationshipType": "relationshipTypes/Responsibility",
                    "linkType": "linkTypes/responsibility",
                    "labels": "a responsibility of {relation}"
                }
            ],
            "links": [
                {
                    "@type": "LinkType",
                    "id": "linkTypes/take-responsibility-for",
                    "relationshipType": "relationshipTypes/Responsibility",
                    "source": "roleTypes/responsible",
                    "target": "roleTypes/responsibility",
                    "labels": "{source} takes responsibility for {target}",
                    "queryLabels": "People who take responsibility for {target}"
                }
            ]
        },
        "Membership": {
            "@type": "RelationshipType",
            "name": "Membership",
            "pluralName": "Memberships",
            "description": "An agent is a member of a group.",
            "roleTypes": [
                {
                    "@type": "RoleType",
                    "id": "roleTypes/member",
                    "name": "member",
                    "pluralName": "members",
                    "relationshipType": "relationshipTypes/Member",
                    "linkType": "linkTypes/member",
                    "labels": "a member of {relation}"
                },
                {
                    "@type": "RoleType",
                    "id": "roleTypes/group",
                    "name": "group",
                    "pluralName": "groups",
                    "relationshipType": "relationshipTypes/Member",
                    "linkType": "linkTypes/group",
                    "labels": "a group"
                }
            ],
            "links": [
                {
                    "@type": "LinkType",
                    "id": "linkTypes/is-member-of",
                    "relationshipType": "relationshipTypes/Member",
                    "source": "roleTypes/member",
                    "target": "roleTypes/group",
                    "labels": "{source} belongs to {target}",
                    "queryLabels": "People who belong to {target}, Groups to which {source} belongs"
                },
                {
                    "@type": "LinkType",
                    "id": "linkTypes/includes",
                    "inverse": "linkTypes/is-member-of",
                    "relationshipType": "relationshipTypes/Member",
                    "source": "roleTypes/group",
                    "target": "roleTypes/member",
                    "labels": "{source} includes target",
                    "queryLabels": "People in {source},Groups that include {target}"
                }
            ]
        },
        "Sales": {
            "@type": "RelationshipType",
            "name": "Sales",
            "pluralName": "Sales",
            "description": "A seller exchanges products or services outside the network.",
            "roleTypes": [
                {
                    "@type": "RoleType",
                    "id": "roleTypes/seller",
                    "name": "seller",
                    "pluralName": "sellers",
                    "relationshipType": "relationshipTypes/Seller",
                    "labels": "a seller for {context}"
                },
                {
                    "@type": "RoleType",
                    "id": "roleTypes/consigner",
                    "name": "consigner",
                    "pluralName": "consigners",
                    "relationshipType": "relationshipTypes/Seller",
                    "labels": "a consigner of {relation}"
                }
            ],
            "links": [
                {
                    "@type": "LinkType",
                    "id": "linkTypes/sells",
                    "relationshipType": "relationshipTypes/Seller",
                    "source": "roleTypes/seller",
                    "target": "roleTypes/consigner",
                    "label": "{source} sells to {target}",
                    "queryLabels": "{agentType} who sell to {target}, {agentType} that {source} sells to"
                },
            ]
        }
    },
    "agents": {
        "Lynn Foster": {
            "@type": "Person",
            "name": "Lynn Foster",
            "relationships": [
                {
                    "@type": "Relationship",
                    "type": "relationshipTypes/Harvester",
                    "roles": [
                        {
                            "@type": "Role",
                            "type": "roleTypes/harvester",
                            "agent": "people/Lynn-Foster"
                        },
                        {
                            "@type": "Role",
                            "type": "roleTypes/harvested",
                            "agent": "groups/DHEN"
                        }
                    ]
                }
            ]
        },
        "Amy": {
            "@type": "Person",
            "name": "Amy",
            "relationships": [
                {
                    "@type": "Relationship",
                    "type": "relationshipTypes/Customer",
                    "roles": [
                        {
                            "@type": "Role",
                            "type": "roleTypes/customer",
                            "agent": "people/Amy"
                        },
                        {
                            "@type": "Role",
                            "type": "roleTypes/vendor",
                            "agent": "people/Angie-Bernstein"
                        }
                    ]
                },
                {
                    "@type": "Relationship",
                    "type": "relationshipTypes/Harvester",
                    "roles": [
                        {
                            "@type": "Role",
                            "type": "roleTypes/harvester",
                            "agent": "people/Adrian-White"
                        },
                        {
                            "@type": "Role",
                            "type": "roleTypes/harvested",
                            "agent": "people/Amy"
                        }
                    ]
                }
            ]
        },
        "Tea for the People": {
            "@type": "Group",
            "name": "Tea for the People",
            "relationships": [
                {
                    "@type": "Relationship",
                    "type": "relationshipTypes/Child",
                    "roles": [
                        {
                            "@type": "Role",
                            "type": "roleTypes/child",
                            "agent": "groups/Tea-for-the-People"
                        },
                        {
                            "@type": "Role",
                            "type": "roleTypes/parent",
                            "agent": "groups/WildFarmacy"
                        }
                    ]
                },
                {
                    "@type": "Relationship",
                    "type": "relationshipTypes/Customer",
                    "roles": [
                        {
                            "@type": "Role",
                            "type": "roleTypes/customer",
                            "agent": "groups/Tea-for-the-People"
                        },
                        {
                            "@type": "Role",
                            "type": "roleTypes/vendor",
                            "agent": "groups/DHEN"
                        }
                    ]
                },
                {
                    "@type": "Relationship",
                    "type": "relationshipTypes/Seller",
                    "roles": [
                        {
                            "@type": "Role",
                            "type": "roleTypes/seller",
                            "agent": "groups/Tea-for-the-People"
                        },
                        {
                            "@type": "Role",
                            "type": "roleTypes/consigner",
                            "agent": "groups/DHEN"
                        }
                    ]
                },
                {
                    "@type": "Relationship",
                    "type": "relationshipTypes/Supplier",
                    "roles": [
                        {
                            "@type": "Role",
                            "type": "roleTypes/supplier",
                            "agent": "groups/Tea-for-the-People"
                        },
                        {
                            "@type": "Role",
                            "type": "roleTypes/supplied",
                            "agent": "groups/DHEN"
                        }
                    ]
                },
                {
                    "@type": "Relationship",
                    "type": "relationshipTypes/Admin",
                    "roles": [
                        {
                            "@type": "Role",
                            "type": "roleTypes/administers",
                            "agent": "people/Johanna-O'Tigham"
                        },
                        {
                            "@type": "Role",
                            "type": "roleTypes/administered",
                            "agent": "groups/Tea-for-the-People"
                        }
                    ]
                }
            ]
        },
        "Johanna O'Tigham": {
            "@type": "Person",
            "name": "Johanna O'Tigham",
            "relationships": [
                {
                    "@type": "Relationship",
                    "type": "relationshipTypes/Admin",
                    "roles": [
                        {
                            "@type": "Role",
                            "type": "roleTypes/administers",
                            "agent": "people/Johanna-O'Tigham"
                        },
                        {
                            "@type": "Role",
                            "type": "roleTypes/administered",
                            "agent": "groups/DHEN"
                        }
                    ]
                },
                {
                    "@type": "Relationship",
                    "type": "relationshipTypes/Admin",
                    "roles": [
                        {
                            "@type": "Role",
                            "type": "roleTypes/administers",
                            "agent": "people/Johanna-O'Tigham"
                        },
                        {
                            "@type": "Role",
                            "type": "roleTypes/administered",
                            "agent": "groups/Namaste-Lane-Gardens"
                        }
                    ]
                },
                {
                    "@type": "Relationship",
                    "type": "relationshipTypes/Admin",
                    "roles": [
                        {
                            "@type": "Role",
                            "type": "roleTypes/administers",
                            "agent": "people/Johanna-O'Tigham"
                        },
                        {
                            "@type": "Role",
                            "type": "roleTypes/administered",
                            "agent": "groups/Tea-for-the-People"
                        }
                    ]
                },
                {
                    "@type": "Relationship",
                    "type": "relationshipTypes/Admin",
                    "roles": [
                        {
                            "@type": "Role",
                            "type": "roleTypes/administers",
                            "agent": "people/Johanna-O'Tigham"
                        },
                        {
                            "@type": "Role",
                            "type": "roleTypes/administered",
                            "agent": "groups/WildFarmacy"
                        }
                    ]
                },
                {
                    "@type": "Relationship",
                    "type": "relationshipTypes/Harvester",
                    "roles": [
                        {
                            "@type": "Role",
                            "type": "roleTypes/harvester",
                            "agent": "people/Johanna-O'Tigham"
                        },
                        {
                            "@type": "Role",
                            "type": "roleTypes/harvested",
                            "agent": "groups/DHEN"
                        }
                    ]
                },
                {
                    "@type": "Relationship",
                    "type": "relationshipTypes/Harvesting Site",
                    "roles": [
                        {
                            "@type": "Role",
                            "type": "roleTypes/grower",
                            "agent": "people/Johanna-O'Tigham"
                        },
                        {
                            "@type": "Role",
                            "type": "roleTypes/harvester",
                            "agent": "groups/DHEN"
                        }
                    ]
                },
                {
                    "@type": "Relationship",
                    "type": "relationshipTypes/Trainer",
                    "roles": [
                        {
                            "@type": "Role",
                            "type": "roleTypes/trainer",
                            "agent": "people/Johanna-O'Tigham"
                        },
                        {
                            "@type": "Role",
                            "type": "roleTypes/trainee",
                            "agent": "groups/DHEN"
                        }
                    ]
                }
            ]
        },
        "Megan Pierce": {
            "@type": "Person",
            "name": "Megan Pierce",
            "relationships": [
                {
                    "@type": "Relationship",
                    "type": "relationshipTypes/Harvester",
                    "roles": [
                        {
                            "@type": "Role",
                            "type": "roleTypes/harvester",
                            "agent": "people/Megan-Pierce"
                        },
                        {
                            "@type": "Role",
                            "type": "roleTypes/harvested",
                            "agent": "groups/DHEN"
                        }
                    ]
                },
                {
                    "@type": "Relationship",
                    "type": "relationshipTypes/Owner",
                    "roles": [
                        {
                            "@type": "Role",
                            "type": "roleTypes/owner",
                            "agent": "people/Megan-Pierce"
                        },
                        {
                            "@type": "Role",
                            "type": "roleTypes/owned",
                            "agent": "groups/Dancing-Waters-Permaculture-Coop"
                        }
                    ]
                },
                {
                    "@type": "Relationship",
                    "type": "relationshipTypes/Responsibility",
                    "roles": [
                        {
                            "@type": "Role",
                            "type": "roleTypes/responsible",
                            "agent": "people/Megan-Pierce"
                        },
                        {
                            "@type": "Role",
                            "type": "roleTypes/responsibility",
                            "agent": "groups/Ella-Bella-Farm"
                        }
                    ]
                },
                {
                    "@type": "Relationship",
                    "type": "relationshipTypes/Trainer",
                    "roles": [
                        {
                            "@type": "Role",
                            "type": "roleTypes/trainer",
                            "agent": "people/Megan-Pierce"
                        },
                        {
                            "@type": "Role",
                            "type": "roleTypes/trainee",
                            "agent": "groups/DHEN"
                        }
                    ]
                }
            ]
        },
        "WildFarmacy": {
            "@type": "Group",
            "name": "WildFarmacy",
            "relationships": [
                {
                    "@type": "Relationship",
                    "type": "relationshipTypes/Admin",
                    "roles": [
                        {
                            "@type": "Role",
                            "type": "roleTypes/administers",
                            "agent": "people/Johanna-O'Tigham"
                        },
                        {
                            "@type": "Role",
                            "type": "roleTypes/administered",
                            "agent": "groups/WildFarmacy"
                        }
                    ]
                },
                {
                    "@type": "Relationship",
                    "type": "relationshipTypes/Child",
                    "roles": [
                        {
                            "@type": "Role",
                            "type": "roleTypes/child",
                            "agent": "groups/DHEN"
                        },
                        {
                            "@type": "Role",
                            "type": "roleTypes/parent",
                            "agent": "groups/WildFarmacy"
                        }
                    ]
                },
                {
                    "@type": "Relationship",
                    "type": "relationshipTypes/Child",
                    "roles": [
                        {
                            "@type": "Role",
                            "type": "roleTypes/child",
                            "agent": "groups/Tea-for-the-People"
                        },
                        {
                            "@type": "Role",
                            "type": "roleTypes/parent",
                            "agent": "groups/WildFarmacy"
                        }
                    ]
                }
            ]
        },
        "Namaste Lane Gardens": {
            "@type": "Group",
            "name": "Namaste Lane Gardens",
            "relationships": [
                {
                    "@type": "Relationship",
                    "type": "relationshipTypes/Drying Site",
                    "roles": [
                        {
                            "@type": "Role",
                            "type": "roleTypes/dryer",
                            "agent": "groups/Namaste-Lane-Gardens"
                        },
                        {
                            "@type": "Role",
                            "type": "roleTypes/dries",
                            "agent": "groups/DHEN"
                        }
                    ]
                },
                {
                    "@type": "Relationship",
                    "type": "relationshipTypes/Harvesting Site",
                    "roles": [
                        {
                            "@type": "Role",
                            "type": "roleTypes/grower",
                            "agent": "groups/Namaste-Lane-Gardens"
                        },
                        {
                            "@type": "Role",
                            "type": "roleTypes/harvester",
                            "agent": "groups/DHEN"
                        }
                    ]
                },
                {
                    "@type": "Relationship",
                    "type": "relationshipTypes/Storage Site",
                    "roles": [
                        {
                            "@type": "Role",
                            "type": "roleTypes/stores",
                            "agent": "groups/Namaste-Lane-Gardens"
                        },
                        {
                            "@type": "Role",
                            "type": "roleTypes/storer",
                            "agent": "groups/DHEN"
                        }
                    ]
                },
                {
                    "@type": "Relationship",
                    "type": "relationshipTypes/Admin",
                    "roles": [
                        {
                            "@type": "Role",
                            "type": "roleTypes/administers",
                            "agent": "people/Johanna-O'Tigham"
                        },
                        {
                            "@type": "Role",
                            "type": "roleTypes/administered",
                            "agent": "groups/Namaste-Lane-Gardens"
                        }
                    ]
                }
            ]
        },
        "Nad Geraldson": {
            "@type": "Person",
            "name": "Nad Geraldson",
            "relationships": [
                {
                    "@type": "Relationship",
                    "type": "relationshipTypes/Harvester",
                    "roles": [
                        {
                            "@type": "Role",
                            "type": "roleTypes/harvester",
                            "agent": "people/Nad-Geraldson"
                        },
                        {
                            "@type": "Role",
                            "type": "roleTypes/harvested",
                            "agent": "groups/DHEN"
                        }
                    ]
                },
                {
                    "@type": "Relationship",
                    "type": "relationshipTypes/Harvesting Site",
                    "roles": [
                        {
                            "@type": "Role",
                            "type": "roleTypes/grower",
                            "agent": "people/Nad-Geraldson"
                        },
                        {
                            "@type": "Role",
                            "type": "roleTypes/harvester",
                            "agent": "groups/DHEN"
                        }
                    ]
                },
                {
                    "@type": "Relationship",
                    "type": "relationshipTypes/Owner",
                    "roles": [
                        {
                            "@type": "Role",
                            "type": "roleTypes/owner",
                            "agent": "people/Nad-Geraldson"
                        },
                        {
                            "@type": "Role",
                            "type": "roleTypes/owned",
                            "agent": "groups/Whispering-Winds-PermaFarm"
                        }
                    ]
                }
            ]
        },
        "Whispering Winds PermaFarm": {
            "@type": "Group",
            "name": "Whispering Winds PermaFarm",
            "relationships": [
                {
                    "@type": "Relationship",
                    "type": "relationshipTypes/Drying Site",
                    "roles": [
                        {
                            "@type": "Role",
                            "type": "roleTypes/dryer",
                            "agent": "groups/Whispering-Winds-PermaFarm"
                        },
                        {
                            "@type": "Role",
                            "type": "roleTypes/dries",
                            "agent": "groups/DHEN"
                        }
                    ]
                },
                {
                    "@type": "Relationship",
                    "type": "relationshipTypes/Owner",
                    "roles": [
                        {
                            "@type": "Role",
                            "type": "roleTypes/owner",
                            "agent": "people/Nad-Geraldson"
                        },
                        {
                            "@type": "Role",
                            "type": "roleTypes/owned",
                            "agent": "groups/Whispering-Winds-PermaFarm"
                        }
                    ]
                }
            ]
        },
        "Dancing Waters Permaculture Coop": {
            "@type": "Group",
            "name": "Dancing Waters Permaculture Coop",
            "relationships": [
                {
                    "@type": "Relationship",
                    "type": "relationshipTypes/Harvesting Site",
                    "roles": [
                        {
                            "@type": "Role",
                            "type": "roleTypes/grower",
                            "agent": "groups/Dancing-Waters-Permaculture-Coop"
                        },
                        {
                            "@type": "Role",
                            "type": "roleTypes/harvester",
                            "agent": "groups/DHEN"
                        }
                    ]
                },
                {
                    "@type": "Relationship",
                    "type": "relationshipTypes/Owner",
                    "roles": [
                        {
                            "@type": "Role",
                            "type": "roleTypes/owner",
                            "agent": "people/Megan-Pierce"
                        },
                        {
                            "@type": "Role",
                            "type": "roleTypes/owned",
                            "agent": "groups/Dancing-Waters-Permaculture-Coop"
                        }
                    ]
                }
            ]
        },
        "Fizz": {
            "@type": "Group",
            "name": "Fizzeology",
            "relationships": [
                {
                    "@type": "Relationship",
                    "type": "relationshipTypes/Supplier",
                    "roles": [
                        {
                            "@type": "Role",
                            "type": "roleTypes/supplier",
                            "agent": "groups/Fizz"
                        },
                        {
                            "@type": "Role",
                            "type": "roleTypes/supplied",
                            "agent": "groups/DHEN"
                        }
                    ]
                }
            ]
        },
        "Mary Benson": {
            "@type": "Person",
            "name": "Mary Benson",
            "relationships": [
                {
                    "@type": "Relationship",
                    "type": "relationshipTypes/Owner",
                    "roles": [
                        {
                            "@type": "Role",
                            "type": "roleTypes/owner",
                            "agent": "people/Mary-Benson"
                        },
                        {
                            "@type": "Role",
                            "type": "roleTypes/owned",
                            "agent": "groups/Ella-Bella-Farm"
                        }
                    ]
                }
            ]
        },
        "Ella Bella Farm": {
            "@type": "Group",
            "name": "Ella Bella Farm",
            "relationships": [
                {
                    "@type": "Relationship",
                    "type": "relationshipTypes/Harvesting Site",
                    "roles": [
                        {
                            "@type": "Role",
                            "type": "roleTypes/grower",
                            "agent": "groups/Ella-Bella-Farm"
                        },
                        {
                            "@type": "Role",
                            "type": "roleTypes/harvester",
                            "agent": "groups/DHEN"
                        }
                    ]
                },
                {
                    "@type": "Relationship",
                    "type": "relationshipTypes/Owner",
                    "roles": [
                        {
                            "@type": "Role",
                            "type": "roleTypes/owner",
                            "agent": "people/Mary-Benson"
                        },
                        {
                            "@type": "Role",
                            "type": "roleTypes/owned",
                            "agent": "groups/Ella-Bella-Farm"
                        }
                    ]
                },
                {
                    "@type": "Relationship",
                    "type": "relationshipTypes/Responsibility",
                    "roles": [
                        {
                            "@type": "Role",
                            "type": "roleTypes/responsible",
                            "agent": "people/Megan-Pierce"
                        },
                        {
                            "@type": "Role",
                            "type": "roleTypes/responsibility",
                            "agent": "groups/Ella-Bella-Farm"
                        }
                    ]
                }
            ]
        },
        "KJ Jakobson": {
            "@type": "Person",
            "name": "KJ Jakobson",
            "relationships": [
                {
                    "@type": "Relationship",
                    "type": "relationshipTypes/Advisor",
                    "roles": [
                        {
                            "@type": "Role",
                            "type": "roleTypes/advisor",
                            "agent": "people/KJ-Jakobson"
                        },
                        {
                            "@type": "Role",
                            "type": "roleTypes/advisee",
                            "agent": "groups/DHEN"
                        }
                    ]
                },
                {
                    "@type": "Relationship",
                    "type": "relationshipTypes/Harvesting Site",
                    "roles": [
                        {
                            "@type": "Role",
                            "type": "roleTypes/grower",
                            "agent": "people/KJ-Jakobson"
                        },
                        {
                            "@type": "Role",
                            "type": "roleTypes/harvester",
                            "agent": "groups/DHEN"
                        }
                    ]
                }
            ]
        },
        "Barb Bitondo": {
            "@type": "Person",
            "name": "Barb Bitondo",
            "relationships": [
                {
                    "@type": "Relationship",
                    "type": "relationshipTypes/Customer",
                    "roles": [
                        {
                            "@type": "Role",
                            "type": "roleTypes/customer",
                            "agent": "people/Barb-Bitondo"
                        },
                        {
                            "@type": "Role",
                            "type": "roleTypes/vendor",
                            "agent": "groups/DHEN"
                        }
                    ]
                }
            ]
        },
        "Angie Bernstein": {
            "@type": "Person",
            "name": "Angie Bernstein",
            "relationships": [
                {
                    "@type": "Relationship",
                    "type": "relationshipTypes/Customer",
                    "roles": [
                        {
                            "@type": "Role",
                            "type": "roleTypes/customer",
                            "agent": "people/Amy"
                        },
                        {
                            "@type": "Role",
                            "type": "roleTypes/vendor",
                            "agent": "people/Angie-Bernstein"
                        }
                    ]
                }
            ]
        },
        "DHEN": {
            "@type": "Group",
            "name": " Driftless Herbal Exchange Network",
            "relationships": [
                {
                    "@type": "Relationship",
                    "type": "relationshipTypes/Child",
                    "roles": [
                        {
                            "@type": "Role",
                            "type": "roleTypes/child",
                            "agent": "groups/DHEN"
                        },
                        {
                            "@type": "Role",
                            "type": "roleTypes/parent",
                            "agent": "groups/WildFarmacy"
                        }
                    ]
                },
                {
                    "@type": "Relationship",
                    "type": "relationshipTypes/Admin",
                    "roles": [
                        {
                            "@type": "Role",
                            "type": "roleTypes/administers",
                            "agent": "people/Johanna-O'Tigham"
                        },
                        {
                            "@type": "Role",
                            "type": "roleTypes/administered",
                            "agent": "groups/DHEN"
                        }
                    ]
                },
                {
                    "@type": "Relationship",
                    "type": "relationshipTypes/Advisor",
                    "roles": [
                        {
                            "@type": "Role",
                            "type": "roleTypes/advisor",
                            "agent": "people/KJ-Jakobson"
                        },
                        {
                            "@type": "Role",
                            "type": "roleTypes/advisee",
                            "agent": "groups/DHEN"
                        }
                    ]
                },
                {
                    "@type": "Relationship",
                    "type": "relationshipTypes/Customer",
                    "roles": [
                        {
                            "@type": "Role",
                            "type": "roleTypes/customer",
                            "agent": "people/Barb-Bitondo"
                        },
                        {
                            "@type": "Role",
                            "type": "roleTypes/vendor",
                            "agent": "groups/DHEN"
                        }
                    ]
                },
                {
                    "@type": "Relationship",
                    "type": "relationshipTypes/Customer",
                    "roles": [
                        {
                            "@type": "Role",
                            "type": "roleTypes/customer",
                            "agent": "people/Community-Pharmacy"
                        },
                        {
                            "@type": "Role",
                            "type": "roleTypes/vendor",
                            "agent": "groups/DHEN"
                        }
                    ]
                },
                {
                    "@type": "Relationship",
                    "type": "relationshipTypes/Customer",
                    "roles": [
                        {
                            "@type": "Role",
                            "type": "roleTypes/customer",
                            "agent": "people/LSW"
                        },
                        {
                            "@type": "Role",
                            "type": "roleTypes/vendor",
                            "agent": "groups/DHEN"
                        }
                    ]
                },
                {
                    "@type": "Relationship",
                    "type": "relationshipTypes/Customer",
                    "roles": [
                        {
                            "@type": "Role",
                            "type": "roleTypes/customer",
                            "agent": "groups/Lusa"
                        },
                        {
                            "@type": "Role",
                            "type": "roleTypes/vendor",
                            "agent": "groups/DHEN"
                        }
                    ]
                },
                {
                    "@type": "Relationship",
                    "type": "relationshipTypes/Customer",
                    "roles": [
                        {
                            "@type": "Role",
                            "type": "roleTypes/customer",
                            "agent": "groups/Tea-for-the-People"
                        },
                        {
                            "@type": "Role",
                            "type": "roleTypes/vendor",
                            "agent": "groups/DHEN"
                        }
                    ]
                },
                {
                    "@type": "Relationship",
                    "type": "relationshipTypes/Drying Site",
                    "roles": [
                        {
                            "@type": "Role",
                            "type": "roleTypes/dryer",
                            "agent": "groups/Namaste-Lane-Gardens"
                        },
                        {
                            "@type": "Role",
                            "type": "roleTypes/dries",
                            "agent": "groups/DHEN"
                        }
                    ]
                },
                {
                    "@type": "Relationship",
                    "type": "relationshipTypes/Drying Site",
                    "roles": [
                        {
                            "@type": "Role",
                            "type": "roleTypes/dryer",
                            "agent": "groups/Whispering-Winds-PermaFarm"
                        },
                        {
                            "@type": "Role",
                            "type": "roleTypes/dries",
                            "agent": "groups/DHEN"
                        }
                    ]
                },
                {
                    "@type": "Relationship",
                    "type": "relationshipTypes/Harvester",
                    "roles": [
                        {
                            "@type": "Role",
                            "type": "roleTypes/harvester",
                            "agent": "people/Johanna-O'Tigham"
                        },
                        {
                            "@type": "Role",
                            "type": "roleTypes/harvested",
                            "agent": "groups/DHEN"
                        }
                    ]
                },
                {
                    "@type": "Relationship",
                    "type": "relationshipTypes/Harvester",
                    "roles": [
                        {
                            "@type": "Role",
                            "type": "roleTypes/harvester",
                            "agent": "people/Lynn-Foster"
                        },
                        {
                            "@type": "Role",
                            "type": "roleTypes/harvested",
                            "agent": "groups/DHEN"
                        }
                    ]
                },
                {
                    "@type": "Relationship",
                    "type": "relationshipTypes/Harvester",
                    "roles": [
                        {
                            "@type": "Role",
                            "type": "roleTypes/harvester",
                            "agent": "people/Megan-Pierce"
                        },
                        {
                            "@type": "Role",
                            "type": "roleTypes/harvested",
                            "agent": "groups/DHEN"
                        }
                    ]
                },
                {
                    "@type": "Relationship",
                    "type": "relationshipTypes/Harvester",
                    "roles": [
                        {
                            "@type": "Role",
                            "type": "roleTypes/harvester",
                            "agent": "people/Nad-Geraldson"
                        },
                        {
                            "@type": "Role",
                            "type": "roleTypes/harvested",
                            "agent": "groups/DHEN"
                        }
                    ]
                },
                {
                    "@type": "Relationship",
                    "type": "relationshipTypes/Harvesting Site",
                    "roles": [
                        {
                            "@type": "Role",
                            "type": "roleTypes/grower",
                            "agent": "groups/CHC"
                        },
                        {
                            "@type": "Role",
                            "type": "roleTypes/harvester",
                            "agent": "groups/DHEN"
                        }
                    ]
                },
                {
                    "@type": "Relationship",
                    "type": "relationshipTypes/Harvesting Site",
                    "roles": [
                        {
                            "@type": "Role",
                            "type": "roleTypes/grower",
                            "agent": "groups/Dancing-Waters-Permaculture-Coop"
                        },
                        {
                            "@type": "Role",
                            "type": "roleTypes/harvester",
                            "agent": "groups/DHEN"
                        }
                    ]
                },
                {
                    "@type": "Relationship",
                    "type": "relationshipTypes/Harvesting Site",
                    "roles": [
                        {
                            "@type": "Role",
                            "type": "roleTypes/grower",
                            "agent": "groups/Ella-Bella-Farm"
                        },
                        {
                            "@type": "Role",
                            "type": "roleTypes/harvester",
                            "agent": "groups/DHEN"
                        }
                    ]
                },
                {
                    "@type": "Relationship",
                    "type": "relationshipTypes/Harvesting Site",
                    "roles": [
                        {
                            "@type": "Role",
                            "type": "roleTypes/grower",
                            "agent": "people/Jan-Kenyon-Echo-valley"
                        },
                        {
                            "@type": "Role",
                            "type": "roleTypes/harvester",
                            "agent": "groups/DHEN"
                        }
                    ]
                },
                {
                    "@type": "Relationship",
                    "type": "relationshipTypes/Harvesting Site",
                    "roles": [
                        {
                            "@type": "Role",
                            "type": "roleTypes/grower",
                            "agent": "people/Johanna-O'Tigham"
                        },
                        {
                            "@type": "Role",
                            "type": "roleTypes/harvester",
                            "agent": "groups/DHEN"
                        }
                    ]
                },
                {
                    "@type": "Relationship",
                    "type": "relationshipTypes/Harvesting Site",
                    "roles": [
                        {
                            "@type": "Role",
                            "type": "roleTypes/grower",
                            "agent": "people/KJ-Jakobson"
                        },
                        {
                            "@type": "Role",
                            "type": "roleTypes/harvester",
                            "agent": "groups/DHEN"
                        }
                    ]
                },
                {
                    "@type": "Relationship",
                    "type": "relationshipTypes/Harvesting Site",
                    "roles": [
                        {
                            "@type": "Role",
                            "type": "roleTypes/grower",
                            "agent": "people/Mark--Heffernan"
                        },
                        {
                            "@type": "Role",
                            "type": "roleTypes/harvester",
                            "agent": "groups/DHEN"
                        }
                    ]
                },
                {
                    "@type": "Relationship",
                    "type": "relationshipTypes/Harvesting Site",
                    "roles": [
                        {
                            "@type": "Role",
                            "type": "roleTypes/grower",
                            "agent": "people/Nad-Geraldson"
                        },
                        {
                            "@type": "Role",
                            "type": "roleTypes/harvester",
                            "agent": "groups/DHEN"
                        }
                    ]
                },
                {
                    "@type": "Relationship",
                    "type": "relationshipTypes/Harvesting Site",
                    "roles": [
                        {
                            "@type": "Role",
                            "type": "roleTypes/grower",
                            "agent": "groups/Namaste-Lane-Gardens"
                        },
                        {
                            "@type": "Role",
                            "type": "roleTypes/harvester",
                            "agent": "groups/DHEN"
                        }
                    ]
                },
                {
                    "@type": "Relationship",
                    "type": "relationshipTypes/Seller",
                    "roles": [
                        {
                            "@type": "Role",
                            "type": "roleTypes/seller",
                            "agent": "people/Fizzeology"
                        },
                        {
                            "@type": "Role",
                            "type": "roleTypes/consigner",
                            "agent": "groups/DHEN"
                        }
                    ]
                },
                {
                    "@type": "Relationship",
                    "type": "relationshipTypes/Seller",
                    "roles": [
                        {
                            "@type": "Role",
                            "type": "roleTypes/seller",
                            "agent": "groups/Tea-for-the-People"
                        },
                        {
                            "@type": "Role",
                            "type": "roleTypes/consigner",
                            "agent": "groups/DHEN"
                        }
                    ]
                },
                {
                    "@type": "Relationship",
                    "type": "relationshipTypes/Storage Site",
                    "roles": [
                        {
                            "@type": "Role",
                            "type": "roleTypes/stores",
                            "agent": "groups/Namaste-Lane-Gardens"
                        },
                        {
                            "@type": "Role",
                            "type": "roleTypes/storer",
                            "agent": "groups/DHEN"
                        }
                    ]
                },
                {
                    "@type": "Relationship",
                    "type": "relationshipTypes/Supplier",
                    "roles": [
                        {
                            "@type": "Role",
                            "type": "roleTypes/supplier",
                            "agent": "groups/Fizz"
                        },
                        {
                            "@type": "Role",
                            "type": "roleTypes/supplied",
                            "agent": "groups/DHEN"
                        }
                    ]
                },
                {
                    "@type": "Relationship",
                    "type": "relationshipTypes/Supplier",
                    "roles": [
                        {
                            "@type": "Role",
                            "type": "roleTypes/supplier",
                            "agent": "groups/Ocooch-Mtn-Elderberries"
                        },
                        {
                            "@type": "Role",
                            "type": "roleTypes/supplied",
                            "agent": "groups/DHEN"
                        }
                    ]
                },
                {
                    "@type": "Relationship",
                    "type": "relationshipTypes/Supplier",
                    "roles": [
                        {
                            "@type": "Role",
                            "type": "roleTypes/supplier",
                            "agent": "people/Sweet-Springs-Farm"
                        },
                        {
                            "@type": "Role",
                            "type": "roleTypes/supplied",
                            "agent": "groups/DHEN"
                        }
                    ]
                },
                {
                    "@type": "Relationship",
                    "type": "relationshipTypes/Supplier",
                    "roles": [
                        {
                            "@type": "Role",
                            "type": "roleTypes/supplier",
                            "agent": "groups/Tea-for-the-People"
                        },
                        {
                            "@type": "Role",
                            "type": "roleTypes/supplied",
                            "agent": "groups/DHEN"
                        }
                    ]
                },
                {
                    "@type": "Relationship",
                    "type": "relationshipTypes/Trainer",
                    "roles": [
                        {
                            "@type": "Role",
                            "type": "roleTypes/trainer",
                            "agent": "people/Johanna-O'Tigham"
                        },
                        {
                            "@type": "Role",
                            "type": "roleTypes/trainee",
                            "agent": "groups/DHEN"
                        }
                    ]
                },
                {
                    "@type": "Relationship",
                    "type": "relationshipTypes/Trainer",
                    "roles": [
                        {
                            "@type": "Role",
                            "type": "roleTypes/trainer",
                            "agent": "people/Megan-Pierce"
                        },
                        {
                            "@type": "Role",
                            "type": "roleTypes/trainee",
                            "agent": "groups/DHEN"
                        }
                    ]
                }
            ]
        },
        "Ocooch Mtn Elderberries": {
            "@type": "Group",
            "name": "Ocooch Mtn Elderberries",
            "relationships": [
                {
                    "@type": "Relationship",
                    "type": "relationshipTypes/Supplier",
                    "roles": [
                        {
                            "@type": "Role",
                            "type": "roleTypes/supplier",
                            "agent": "groups/Ocooch-Mtn-Elderberries"
                        },
                        {
                            "@type": "Role",
                            "type": "roleTypes/supplied",
                            "agent": "groups/DHEN"
                        }
                    ]
                }
            ]
        },
        "Mark  Heffernan": {
            "@type": "Person",
            "name": "Mark  Heffernan",
            "relationships": [
                {
                    "@type": "Relationship",
                    "type": "relationshipTypes/Harvesting Site",
                    "roles": [
                        {
                            "@type": "Role",
                            "type": "roleTypes/grower",
                            "agent": "people/Mark--Heffernan"
                        },
                        {
                            "@type": "Role",
                            "type": "roleTypes/harvester",
                            "agent": "groups/DHEN"
                        }
                    ]
                }
            ]
        },
        "Sweet Springs Farm": {
            "@type": "Person",
            "name": "Sweet Springs Farm",
            "relationships": [
                {
                    "@type": "Relationship",
                    "type": "relationshipTypes/Supplier",
                    "roles": [
                        {
                            "@type": "Role",
                            "type": "roleTypes/supplier",
                            "agent": "people/Sweet-Springs-Farm"
                        },
                        {
                            "@type": "Role",
                            "type": "roleTypes/supplied",
                            "agent": "groups/DHEN"
                        }
                    ]
                }
            ]
        },
        "Lusa": {
            "@type": "Group",
            "name": "Lusa",
            "relationships": [
                {
                    "@type": "Relationship",
                    "type": "relationshipTypes/Customer",
                    "roles": [
                        {
                            "@type": "Role",
                            "type": "roleTypes/customer",
                            "agent": "groups/Lusa"
                        },
                        {
                            "@type": "Role",
                            "type": "roleTypes/vendor",
                            "agent": "groups/DHEN"
                        }
                    ]
                }
            ]
        },
        "CHC": {
            "@type": "Group",
            "name": "Canyon Homestead Cooperative",
            "relationships": [
                {
                    "@type": "Relationship",
                    "type": "relationshipTypes/Harvesting Site",
                    "roles": [
                        {
                            "@type": "Role",
                            "type": "roleTypes/grower",
                            "agent": "groups/CHC"
                        },
                        {
                            "@type": "Role",
                            "type": "roleTypes/harvester",
                            "agent": "groups/DHEN"
                        }
                    ]
                }
            ]
        },
        "LSW": {
            "@type": "Person",
            "name": "Lady Slipper Wellness",
            "relationships": [
                {
                    "@type": "Relationship",
                    "type": "relationshipTypes/Customer",
                    "roles": [
                        {
                            "@type": "Role",
                            "type": "roleTypes/customer",
                            "agent": "people/LSW"
                        },
                        {
                            "@type": "Role",
                            "type": "roleTypes/vendor",
                            "agent": "groups/DHEN"
                        }
                    ]
                }
            ]
        },
        "Jan Kenyon Echo valley": {
            "@type": "Person",
            "name": "Jan Kenyon Echo valley",
            "relationships": [
                {
                    "@type": "Relationship",
                    "type": "relationshipTypes/Harvesting Site",
                    "roles": [
                        {
                            "@type": "Role",
                            "type": "roleTypes/grower",
                            "agent": "people/Jan-Kenyon-Echo-valley"
                        },
                        {
                            "@type": "Role",
                            "type": "roleTypes/harvester",
                            "agent": "groups/DHEN"
                        }
                    ]
                }
            ]
        },
        "Adrian White": {
            "@type": "Person",
            "name": "Adrian White",
            "relationships": [
                {
                    "@type": "Relationship",
                    "type": "relationshipTypes/Harvester",
                    "roles": [
                        {
                            "@type": "Role",
                            "type": "roleTypes/harvester",
                            "agent": "people/Adrian-White"
                        },
                        {
                            "@type": "Role",
                            "type": "roleTypes/harvested",
                            "agent": "people/Amy"
                        }
                    ]
                }
            ]
        },
        "Community Pharmacy": {
            "@type": "Person",
            "name": "Community Pharmacy",
            "relationships": [
                {
                    "@type": "Relationship",
                    "type": "relationshipTypes/Customer",
                    "roles": [
                        {
                            "@type": "Role",
                            "type": "roleTypes/customer",
                            "agent": "people/Community-Pharmacy"
                        },
                        {
                            "@type": "Role",
                            "type": "roleTypes/vendor",
                            "agent": "groups/DHEN"
                        }
                    ]
                }
            ]
        },
        "Fizzeology": {
            "@type": "Person",
            "name": "Fizzeology",
            "relationships": [
                {
                    "@type": "Relationship",
                    "type": "relationshipTypes/Seller",
                    "roles": [
                        {
                            "@type": "Role",
                            "type": "roleTypes/seller",
                            "agent": "people/Fizzeology"
                        },
                        {
                            "@type": "Role",
                            "type": "roleTypes/consigner",
                            "agent": "groups/DHEN"
                        }
                    ]
                }
            ]
        }
    }
}
