[
    {
        "pk": 3,
        "model": "valueaccounting.agenttype",
        "fields": {
            "party_type": "network",
            "is_context": true,
            "name": "Group",
            "parent": null,
            "description": ""
        }
    },
    {
        "pk": 2,
        "model": "valueaccounting.agenttype",
        "fields": {
            "party_type": "org",
            "is_context": false,
            "name": "Organization",
            "parent": null,
            "description": null
        }
    },
    {
        "pk": 1,
        "model": "valueaccounting.agenttype",
        "fields": {
            "party_type": "individual",
            "is_context": false,
            "name": "Person",
            "parent": null,
            "description": ""
        }
    },
    {
        "pk": 1,
        "model": "valueaccounting.facet",
        "fields": {
            "name": "Category",
            "description": ""
        }
    },
    {
        "pk": 4,
        "model": "valueaccounting.facetvalue",
        "fields": {
            "facet": 1,
            "description": "",
            "value": "Equipment or Tools"
        }
    },
    {
        "pk": 3,
        "model": "valueaccounting.facetvalue",
        "fields": {
            "facet": 1,
            "description": "",
            "value": "Money"
        }
    },
    {
        "pk": 2,
        "model": "valueaccounting.facetvalue",
        "fields": {
            "facet": 1,
            "description": "",
            "value": "Products or Services"
        }
    },
    {
        "pk": 5,
        "model": "valueaccounting.facetvalue",
        "fields": {
            "facet": 1,
            "description": "",
            "value": "Space"
        }
    },
    {
        "pk": 1,
        "model": "valueaccounting.facetvalue",
        "fields": {
            "facet": 1,
            "description": "",
            "value": "Work"
        }
    },
    {
        "pk": 7,
        "model": "valueaccounting.processpattern",
        "fields": {
            "name": "Customer order"
        }
    },
    {
        "pk": 5,
        "model": "valueaccounting.processpattern",
        "fields": {
            "name": "Distribution"
        }
    },
    {
        "pk": 2,
        "model": "valueaccounting.processpattern",
        "fields": {
            "name": "Manufacturing / Assembly"
        }
    },
    {
        "pk": 1,
        "model": "valueaccounting.processpattern",
        "fields": {
            "name": "Non-production logging"
        }
    },
    {
        "pk": 6,
        "model": "valueaccounting.processpattern",
        "fields": {
            "name": "Payout"
        }
    },
    {
        "pk": 4,
        "model": "valueaccounting.processpattern",
        "fields": {
            "name": "Todo"
        }
    },
    {
        "pk": 3,
        "model": "valueaccounting.processpattern",
        "fields": {
            "name": "Workflow"
        }
    },
    {
        "pk": 14,
        "model": "valueaccounting.patternfacetvalue",
        "fields": {
            "facet_value": 3,
            "pattern": 5,
            "event_type": [
                "Cash Disbursement"
            ]
        }
    },
    {
        "pk": 15,
        "model": "valueaccounting.patternfacetvalue",
        "fields": {
            "facet_value": 3,
            "pattern": 5,
            "event_type": [
                "Distribution"
            ]
        }
    },
    {
        "pk": 16,
        "model": "valueaccounting.patternfacetvalue",
        "fields": {
            "facet_value": 1,
            "pattern": 5,
            "event_type": [
                "Time Contribution"
            ]
        }
    },
    {
        "pk": 2,
        "model": "valueaccounting.patternfacetvalue",
        "fields": {
            "facet_value": 2,
            "pattern": 2,
            "event_type": [
                "Citation"
            ]
        }
    },
    {
        "pk": 3,
        "model": "valueaccounting.patternfacetvalue",
        "fields": {
            "facet_value": 2,
            "pattern": 2,
            "event_type": [
                "Resource Consumption"
            ]
        }
    },
    {
        "pk": 4,
        "model": "valueaccounting.patternfacetvalue",
        "fields": {
            "facet_value": 2,
            "pattern": 2,
            "event_type": [
                "Resource Production"
            ]
        }
    },
    {
        "pk": 6,
        "model": "valueaccounting.patternfacetvalue",
        "fields": {
            "facet_value": 4,
            "pattern": 2,
            "event_type": [
                "Resource use"
            ]
        }
    },
    {
        "pk": 5,
        "model": "valueaccounting.patternfacetvalue",
        "fields": {
            "facet_value": 1,
            "pattern": 2,
            "event_type": [
                "Time Contribution"
            ]
        }
    },
    {
        "pk": 1,
        "model": "valueaccounting.patternfacetvalue",
        "fields": {
            "facet_value": 1,
            "pattern": 1,
            "event_type": [
                "Time Contribution"
            ]
        }
    },
    {
        "pk": 17,
        "model": "valueaccounting.patternfacetvalue",
        "fields": {
            "facet_value": 3,
            "pattern": 6,
            "event_type": [
                "Payout"
            ]
        }
    },
    {
        "pk": 13,
        "model": "valueaccounting.patternfacetvalue",
        "fields": {
            "facet_value": 1,
            "pattern": 4,
            "event_type": [
                "Todo"
            ]
        }
    },
    {
        "pk": 7,
        "model": "valueaccounting.patternfacetvalue",
        "fields": {
            "facet_value": 2,
            "pattern": 3,
            "event_type": [
                "Change"
            ]
        }
    },
    {
        "pk": 10,
        "model": "valueaccounting.patternfacetvalue",
        "fields": {
            "facet_value": 2,
            "pattern": 3,
            "event_type": [
                "Resource Consumption"
            ]
        }
    },
    {
        "pk": 8,
        "model": "valueaccounting.patternfacetvalue",
        "fields": {
            "facet_value": 2,
            "pattern": 3,
            "event_type": [
                "Create Changeable"
            ]
        }
    },
    {
        "pk": 9,
        "model": "valueaccounting.patternfacetvalue",
        "fields": {
            "facet_value": 2,
            "pattern": 3,
            "event_type": [
                "To Be Changed"
            ]
        }
    },
    {
        "pk": 11,
        "model": "valueaccounting.patternfacetvalue",
        "fields": {
            "facet_value": 4,
            "pattern": 3,
            "event_type": [
                "Resource use"
            ]
        }
    },
    {
        "pk": 12,
        "model": "valueaccounting.patternfacetvalue",
        "fields": {
            "facet_value": 1,
            "pattern": 3,
            "event_type": [
                "Time Contribution"
            ]
        }
    },
    {
        "pk": 3,
        "model": "valueaccounting.exchangetype",
        "fields": {
            "changed_date": "2016-06-28",
            "name": "Internal Transfer",
            "changed_by": null,
            "created_by": [
                "lynn"
            ],
            "use_case": [
                "intrnl_xfer"
            ],
            "created_date": "2016-06-28",
            "slug": "internal-transfer",
            "description": null
        }
    },
    {
        "pk": 1,
        "model": "valueaccounting.exchangetype",
        "fields": {
            "changed_date": "2016-04-26",
            "name": "Purchase",
            "changed_by": null,
            "created_by": [
                "lynn"
            ],
            "use_case": [
                "supply_xfer"
            ],
            "created_date": "2016-04-26",
            "slug": "purchase",
            "description": null
        }
    },
    {
        "pk": 2,
        "model": "valueaccounting.exchangetype",
        "fields": {
            "changed_date": "2016-04-26",
            "name": "Sale",
            "changed_by": null,
            "created_by": [
                "lynn"
            ],
            "use_case": [
                "demand_xfer"
            ],
            "created_date": "2016-04-26",
            "slug": "sale",
            "description": null
        }
    },
    {
        "pk": 1,
        "model": "valueaccounting.transfertype",
        "fields": {
            "receive_agent_association_type": null,
            "changed_date": "2016-04-26",
            "description": "Receipt of goods or services",
            "is_to_distribute": false,
            "sequence": 1,
            "receive_agent_is_context": true,
            "is_currency": false,
            "is_reciprocal": false,
            "give_agent_association_type": 3,
            "created_by": [
                "lynn"
            ],
            "exchange_type": 1,
            "created_date": "2016-04-26",
            "give_agent_is_context": false,
            "is_contribution": false,
            "can_create_resource": true,
            "changed_by": null,
            "name": "Receipt"
        }
    },
    {
        "pk": 3,
        "model": "valueaccounting.transfertype",
        "fields": {
            "receive_agent_association_type": 4,
            "changed_date": "2016-04-26",
            "description": "Delivery or shipment",
            "is_to_distribute": false,
            "sequence": 1,
            "receive_agent_is_context": false,
            "is_currency": false,
            "is_reciprocal": false,
            "give_agent_association_type": null,
            "created_by": [
                "lynn"
            ],
            "exchange_type": 2,
            "created_date": "2016-04-26",
            "give_agent_is_context": true,
            "is_contribution": false,
            "can_create_resource": false,
            "changed_by": null,
            "name": "Delivery"
        }
    },
    {
        "pk": 5,
        "model": "valueaccounting.transfertype",
        "fields": {
            "receive_agent_association_type": null,
            "changed_date": "2016-06-28",
            "description": "",
            "is_to_distribute": false,
            "sequence": 1,
            "receive_agent_is_context": false,
            "is_currency": false,
            "is_reciprocal": false,
            "give_agent_association_type": null,
            "created_by": [
                "lynn"
            ],
            "exchange_type": 3,
            "created_date": "2016-06-28",
            "give_agent_is_context": false,
            "is_contribution": false,
            "can_create_resource": false,
            "changed_by": null,
            "name": "Transfer"
        }
    },
    {
        "pk": 2,
        "model": "valueaccounting.transfertype",
        "fields": {
            "receive_agent_association_type": 3,
            "changed_date": "2016-04-26",
            "description": "Payment for the goods or services received",
            "is_to_distribute": false,
            "sequence": 2,
            "receive_agent_is_context": false,
            "is_currency": true,
            "is_reciprocal": true,
            "give_agent_association_type": null,
            "created_by": [
                "lynn"
            ],
            "exchange_type": 1,
            "created_date": "2016-04-26",
            "give_agent_is_context": true,
            "is_contribution": false,
            "can_create_resource": false,
            "changed_by": null,
            "name": "Payment"
        }
    },
    {
        "pk": 4,
        "model": "valueaccounting.transfertype",
        "fields": {
            "receive_agent_association_type": null,
            "changed_date": "2016-04-26",
            "description": "Incoming payment for items shipped or delivered.",
            "is_to_distribute": true,
            "sequence": 2,
            "receive_agent_is_context": true,
            "is_currency": true,
            "is_reciprocal": true,
            "give_agent_association_type": 4,
            "created_by": [
                "lynn"
            ],
            "exchange_type": 2,
            "created_date": "2016-04-26",
            "give_agent_is_context": false,
            "is_contribution": false,
            "can_create_resource": false,
            "changed_by": null,
            "name": "Payment"
        }
    },
    {
        "pk": 6,
        "model": "valueaccounting.transfertype",
        "fields": {
            "receive_agent_association_type": null,
            "changed_date": "2016-06-28",
            "description": "",
            "is_to_distribute": false,
            "sequence": 2,
            "receive_agent_is_context": false,
            "is_currency": false,
            "is_reciprocal": true,
            "give_agent_association_type": null,
            "created_by": [
                "lynn"
            ],
            "exchange_type": 3,
            "created_date": "2016-06-28",
            "give_agent_is_context": false,
            "is_contribution": false,
            "can_create_resource": false,
            "changed_by": null,
            "name": "Reciprocal Transfer"
        }
    },
    {
        "pk": 1,
        "model": "valueaccounting.transfertypefacetvalue",
        "fields": {
            "facet_value": 2,
            "transfer_type": 1
        }
    },
    {
        "pk": 3,
        "model": "valueaccounting.transfertypefacetvalue",
        "fields": {
            "facet_value": 2,
            "transfer_type": 3
        }
    },
    {
        "pk": 5,
        "model": "valueaccounting.transfertypefacetvalue",
        "fields": {
            "facet_value": 2,
            "transfer_type": 5
        }
    },
    {
        "pk": 2,
        "model": "valueaccounting.transfertypefacetvalue",
        "fields": {
            "facet_value": 3,
            "transfer_type": 2
        }
    },
    {
        "pk": 4,
        "model": "valueaccounting.transfertypefacetvalue",
        "fields": {
            "facet_value": 3,
            "transfer_type": 4
        }
    },
    {
        "pk": 6,
        "model": "valueaccounting.transfertypefacetvalue",
        "fields": {
            "facet_value": 2,
            "transfer_type": 6
        }
    },
    {
        "pk": 1,
        "model": "valueaccounting.agentassociationtype",
        "fields": {
            "plural_name": "Children",
            "description": "",
            "inverse_label": "has child",
            "association_behavior": "child",
            "label": "is child of",
            "identifier": "child",
            "name": "Child"
        }
    },
    {
        "pk": 2,
        "model": "valueaccounting.agentassociationtype",
        "fields": {
            "plural_name": "Members",
            "description": null,
            "inverse_label": "has member",
            "association_behavior": "member",
            "label": "is member of",
            "identifier": "member",
            "name": "Member"
        }
    },
    {
        "pk": 3,
        "model": "valueaccounting.agentassociationtype",
        "fields": {
            "plural_name": "Suppliers",
            "description": null,
            "inverse_label": "has supplier",
            "association_behavior": "supplier",
            "label": "is supplier of",
            "identifier": "supplier",
            "name": "Supplier"
        }
    },
    {
        "pk": 4,
        "model": "valueaccounting.agentassociationtype",
        "fields": {
            "plural_name": "Customers",
            "description": null,
            "inverse_label": "has customer",
            "association_behavior": "customer",
            "label": "is customer of",
            "identifier": "customer",
            "name": "Customer"
        }
    },
    {
        "pk": 4,
        "model": "valueaccounting.unit",
        "fields": {
            "unit_type": "time",
            "abbrev": "Day",
            "symbol": "",
            "name": "Day"
        }
    },
    {
        "pk": 6,
        "model": "valueaccounting.unit",
        "fields": {
            "unit_type": "value",
            "abbrev": "USD",
            "symbol": "$",
            "name": "Dollar"
        }
    },
    {
        "pk": 1,
        "model": "valueaccounting.unit",
        "fields": {
            "unit_type": "quantity",
            "abbrev": "EA",
            "symbol": "",
            "name": "Each"
        }
    },
    {
        "pk": 2,
        "model": "valueaccounting.unit",
        "fields": {
            "unit_type": "time",
            "abbrev": "Hr",
            "symbol": "",
            "name": "Hour"
        }
    },
    {
        "pk": 5,
        "model": "valueaccounting.unit",
        "fields": {
            "unit_type": "weight",
            "abbrev": "lb",
            "symbol": "",
            "name": "Pounds"
        }
    },
    {
        "pk": 1,
        "model": "valueaccounting.homepagelayout",
        "fields": {
            "needs_panel_headline": "",
            "panel_1": "",
            "panel_2": "",
            "panel_3": "",
            "banner": "<div style=\"text-align: center; font-size: 1.8em;  font-weight: bold; margin: 0; padding: 0;\">\r\nWelcome to NRP\r\n</div>\r\n<p style=\"text-align: center; margin: 0; padding: 0;\">\r\nSee also  <a href=\"/accounting/tutorials/\">the setup tutorials</a>.\r\n</p>\r\n<div style=\"text-align: center; margin: 0; padding: 0;\">\r\n<img id=\"navmap\"  src=\"/static/img/navmap.png\"  width=\"691\" height=\"457\" border=\"0\" usemap=\"#map\" alt=\"Links into the system\"  class=\"map\" style=\"display: block; margin: 0 auto;\" />\r\n<div style=\"display: none;\">\r\n\r\n<map name=\"map\">\r\n<!-- #$-:Image map file created by GIMP Image Map plug-in -->\r\n<!-- #$-:GIMP Image Map plug-in by Maurits Rijk -->\r\n<!-- #$-:Please do not edit lines starting with \"#$\" -->\r\n<!-- #$VERSION:2.3 -->\r\n<!-- #$AUTHOR:Lynn Foster -->\r\n<area shape=\"rect\" coords=\"28,44,139,97\" alt=\"Setup Organization\" href=\"/accounting/projects\" style=\"outline:none;\" target=\"_self\" data-maphilight='{\"stroke\":false,\"fillOpacity\":0.05}' />\r\n<area shape=\"rect\" coords=\"148,43,260,98\" alt=\"Setup Resource Types and Recipes\" href=\"/accounting/resources/\" style=\"outline:none;\" target=\"_self\" data-maphilight='{\"stroke\":false,\"fillOpacity\":0.05}' />\r\n<area shape=\"rect\" coords=\"270,42,379,97\" alt=\"Setup Exchange Types\" href=\"/accounting/exchange-types/\" style=\"outline:none;\" target=\"_self\" data-maphilight='{\"stroke\":false,\"fillOpacity\":0.05}' />\r\n<area shape=\"rect\" coords=\"391,44,499,95\" alt=\"Setup Value Equations\" href=\"/accounting/value-equations/\" style=\"outline:none;\" target=\"_self\" data-maphilight='{\"stroke\":false,\"fillOpacity\":0.05}' />\r\n<area shape=\"rect\" coords=\"30,176,140,228\" alt=\"Create Customer and Work Orders\" href=\"/accounting/demand/\" style=\"outline:none;\" target=\"_self\" data-maphilight='{\"stroke\":false,\"fillOpacity\":0.05}' />\r\n<area shape=\"rect\" coords=\"31,238,140,289\" alt=\"Create Customer Order\" href=\"/accounting/create-order/\" style=\"outline:none;\" target=\"_self\" data-maphilight='{\"stroke\":false,\"fillOpacity\":0.05}' />\r\n<area shape=\"rect\" coords=\"29,303,138,355\" alt=\"Plan Work From Recipe\" href=\"/accounting/plan-from-recipe/\" style=\"outline:none;\" target=\"_self\" data-maphilight='{\"stroke\":false,\"fillOpacity\":0.05}' />\r\n<area shape=\"rect\" coords=\"31,370,139,423\" alt=\"Plan Work Without Recipe\" href=\"/accounting/process-selections/\" style=\"outline:none;\" target=\"_self\" data-maphilight='{\"stroke\":false,\"fillOpacity\":0.05}' />\r\n<area shape=\"rect\" coords=\"191,176,304,229\" alt=\"Log Incoming Exchange\" href=\"/accounting/supply/\" style=\"outline:none;\" target=\"_self\" data-maphilight='{\"stroke\":false,\"fillOpacity\":0.05}' />\r\n<area shape=\"rect\" coords=\"190,307,300,361\" alt=\"All Work\" href=\"/accounting/work/\" style=\"outline:none;\" target=\"_self\" data-maphilight='{\"stroke\":false,\"fillOpacity\":0.05}' />\r\n<area shape=\"rect\" coords=\"193,366,300,422\" alt=\"My Work\" href=\"/accounting/start/\" style=\"outline:none;\" target=\"_self\" data-maphilight='{\"stroke\":false,\"fillOpacity\":0.05}' />\r\n<area shape=\"rect\" coords=\"374,179,483,233\" alt=\"Log Outgoing Exchange\" href=\"/accounting/demand/\" style=\"outline:none;\" target=\"_self\" data-maphilight='{\"stroke\":false,\"fillOpacity\":0.05}' />\r\n<area shape=\"rect\" coords=\"375,255,484,307\" alt=\"Distribute Rewards Using Value Equation\" href=\"/demand/value-equations/\" style=\"outline:none;\" target=\"_self\" data-maphilight='{\"stroke\":false,\"fillOpacity\":0.05}' />\r\n<area shape=\"rect\" coords=\"366,371,480,424\" alt=\"Log Non-Production Work\" href=\"/accounting/unscheduled-time/\" style=\"outline:none;\" target=\"_self\" data-maphilight='{\"stroke\":false,\"fillOpacity\":0.05}' />\r\n<area shape=\"rect\" coords=\"545,61,655,114\" alt=\"Cash Accounting Report\" href=\"/accounting/cash-report/\" style=\"outline:none;\" target=\"_self\" data-maphilight='{\"stroke\":false,\"fillOpacity\":0.05}' />\r\n<area shape=\"rect\" coords=\"543,123,655,175\" alt=\"All Contributions Report\" href=\"/accounting/all-contributions/\" style=\"outline:none;\" target=\"_self\" data-maphilight='{\"stroke\":false,\"fillOpacity\":0.05}' />\r\n<area shape=\"rect\" coords=\"545,184,653,237\" alt=\"Incoming Exchanges Report\" href=\"/accounting/exchanges/\" style=\"outline:none;\" target=\"_self\" data-maphilight='{\"stroke\":false,\"fillOpacity\":0.05}' />\r\n<area shape=\"rect\" coords=\"545,244,654,299\" alt=\"Outgoing Exchanges Report\" href=\"/accounting/demand-exchanges/\" style=\"outline:none;\" target=\"_self\" data-maphilight='{\"stroke\":false,\"fillOpacity\":0.05}' />\r\n<area shape=\"rect\" coords=\"546,309,654,360\" alt=\"Distributions Report\" href=\"/accounting/distributions\" style=\"outline:none;\" target=\"_self\" data-maphilight='{\"stroke\":false,\"fillOpacity\":0.05}' />\r\n<area shape=\"rect\" coords=\"544,372,656,422\" alt=\"Inventory Listing\" href=\"/accounting/inventory/\" style=\"outline:none;\" target=\"_self\" data-maphilight='{\"stroke\":false,\"fillOpacity\":0.05}' />\r\n</map>\r\n\r\n</div>\r\n</div>",
            "footer": "",
            "creations_panel_headline": "",
            "use_work_panel": false,
            "use_needs_panel": false,
            "work_panel_headline": "",
            "use_creations_panel": false
        }
    }
]